{
  "best_awt": {
    "parking_floors": [
      1,
      6,
      3,
      14,
      9,
      4,
      5,
      8
    ],
    "objectives": [
      2.3571812631129974,
      0.0,
      21.215480493580955
    ]
  },
  "best_long_wait_ratio": {
    "parking_floors": [
      1,
      1,
      1,
      1,
      4,
      1,
      1,
      1
    ],
    "objectives": [
      8.307446920918352,
      0.0,
      4.611965598903153
    ]
  },
  "best_energy": {
    "parking_floors": [
      1,
      1,
      1,
      1,
      4,
      1,
      1,
      1
    ],
    "objectives": [
      8.307446920918352,
      0.0,
      4.611965598903153
    ]
  },
  "balanced": {
    "parking_floors": [
      2,
      1,
      1,
      1,
      1,
      1,
      5,
      8
    ],
    "objectives": [
      4.241666380853825,
      0.0,
      7.3302006730649385
    ]
  }
}