Model,MAE,RMSE,R2_Score
SARIMA (B),1019.3328266186571,1841.2504765321005,0.7030926464932832
Prophet (A),1302.8648148630853,1935.0343392061461,0.6720764836789908
LSTM (C),3260.011257477151,3689.7617131204647,-0.192317311390525
