Strategy,Avg_Wait_Time_s,Std_Wait_Time_s,Avg_Energy,Std_Energy
全部1层(大堂集中),15.672665557634549,4.109357950354138,0.0,0.0
均匀分布,4.90559272378887,0.2577668683572147,49.0,0.0
中层集中,14.88736917816093,1.2160211316623433,48.0,0.0
关键楼层部署,5.472128767541874,0.8909729058449537,26.0,0.0
Q-Learning 学习策略,5.350774773615057,0.9238432367649358,24.0,0.0
