{
  "best_awt": {
    "parking_floors": [
      14,
      9,
      3,
      1,
      4,
      6,
      4,
      10
    ],
    "objectives": [
      2.594988254030731,
      0.0,
      21.7791225227471
    ]
  },
  "best_long_wait_ratio": {
    "parking_floors": [
      4,
      1,
      1,
      1,
      1,
      1,
      1,
      1
    ],
    "objectives": [
      7.746673924942745,
      0.0,
      4.611965598903153
    ]
  },
  "best_energy": {
    "parking_floors": [
      4,
      1,
      1,
      1,
      1,
      1,
      1,
      1
    ],
    "objectives": [
      7.746673924942745,
      0.0,
      4.611965598903153
    ]
  },
  "balanced": {
    "parking_floors": [
      9,
      2,
      1,
      1,
      1,
      3,
      6,
      1
    ],
    "objectives": [
      3.4162552172848417,
      0.0,
      8.886414059578712
    ]
  }
}